Rank,Column,Non-Empty Count,Total Rows,Usage %,Empty Count,Empty %
1,ADLS_LOADED_DATE,"12,088,920","12,088,920",100,0,0
2,Clinical_Applications_Specialist_Name__c,"12,088,920","12,088,920",100,0,0
3,ClinicalNotes__c,"12,088,920","12,088,920",100,0,0
4,CreatedById,"12,088,920","12,088,920",100,0,0
5,CreatedDate,"12,088,920","12,088,920",100,0,0
6,ESB_Interface_ID__c,"12,088,920","12,088,920",100,0,0
7,ESMX_Accepted_Service_Quote_Exists__c,"12,088,920","12,088,920",100,0,0
8,ESMX_Acknowledge_Training_Compliance_Gap__c,"12,088,920","12,088,920",100,0,0
9,ESMX_Allow_Ownership_Override__c,"12,088,920","12,088,920",100,0,0
10,ESMX_Assist_Work_Order__c,"12,088,920","12,088,920",100,0,0
11,ESMX_Billable_Work_Order_for_Review__c,"12,088,920","12,088,920",100,0,0
12,ESMX_Billing_Administrator__c,"12,088,920","12,088,920",100,0,0
13,ESMX_Block_Invoice__c,"12,088,920","12,088,920",100,0,0
14,ESMX_Canceled_Subcontractor_Requests__c,"12,088,920","12,088,920",100,0,0
15,ESMX_Check_Open_WO__c,"12,088,920","12,088,920",100,0,0
16,ESMX_Clinical_Training_Required__c,"12,088,920","12,088,920",100,0,0
17,ESMX_Completed_Subcontractor_Requests__c,"12,088,920","12,088,920",100,0,0
18,ESMX_Count_of_parts__c,"12,088,920","12,088,920",100,0,0
19,ESMX_Count_of_Subcontractor_Requests__c,"12,088,920","12,088,920",100,0,0
20,ESMX_Count_of_Tools__c,"12,088,920","12,088,920",100,0,0
21,ESMX_Count_of_Work_Detail_Records__c,"12,088,920","12,088,920",100,0,0
22,ESMX_Credit_Status_at_WO_Creation__c,"12,088,920","12,088,920",100,0,0
23,ESMX_CSA_OR_Service_Parts_Admn__c,"12,088,920","12,088,920",100,0,0
24,ESMX_CSR_Date_of_Issue__c,"12,088,920","12,088,920",100,0,0
25,ESMX_CSR_Scheduled_Date_Time__c,"12,088,920","12,088,920",100,0,0
26,ESMX_Customer_Claims_Entitlement__c,"12,088,920","12,088,920",100,0,0
27,ESMX_Customer_Confirmed__c,"12,088,920","12,088,920",100,0,0
28,ESMX_Customer_Experience_Notes_Available__c,"12,088,920","12,088,920",100,0,0
29,Esmx_Customer_was_informed__c,"12,088,920","12,088,920",100,0,0
30,ESMX_Debrief_System_Status_Date_Time_CSR__c,"12,088,920","12,088,920",100,0,0
31,ESMX_Dependent__c,"12,088,920","12,088,920",100,0,0
32,ESMX_Direct_Export_Indicator__c,"12,088,920","12,088,920",100,0,0
33,ESMX_Entitlement_Claim_Approved__c,"12,088,920","12,088,920",100,0,0
34,ESMX_Escalation_Originated_Work_order__c,"12,088,920","12,088,920",100,0,0
35,ESMX_Event_Type_Text_Tag__c,"12,088,920","12,088,920",100,0,0
36,ESMX_FCO_Admin_QR_Manager__c,"12,088,920","12,088,920",100,0,0
37,ESMX_Free_Remote_Service_Work_Order__c,"12,088,920","12,088,920",100,0,0
38,ESMX_Has_Confirmed_Labor_Parts__c,"12,088,920","12,088,920",100,0,0
39,ESMX_Has_Labor_Confirmed__c,"12,088,920","12,088,920",100,0,0
40,ESMX_HISSProfileCheck__c,"12,088,920","12,088,920",100,0,0
41,ESMX_InApprovalProcess__c,"12,088,920","12,088,920",100,0,0
42,ESMX_Indent_Installation__c,"12,088,920","12,088,920",100,0,0
43,ESMX_Initiate_Purchase_Order__c,"12,088,920","12,088,920",100,0,0
44,ESMX_Initiate_Remote_Service__c,"12,088,920","12,088,920",100,0,0
45,ESMX_Is_Created_From_Batch__c,"12,088,920","12,088,920",100,0,0
46,ESMX_Is_Last_Sequence__c,"12,088,920","12,088,920",100,0,0
47,ESMX_Is_Mass_Uploaded__c,"12,088,920","12,088,920",100,0,0
48,ESMX_Is_PM_Contact__c,"12,088,920","12,088,920",100,0,0
49,ESMX_Is_PM_WO_Auto_Created__c,"12,088,920","12,088,920",100,0,0
50,ESMX_Is_Technician__c,"12,088,920","12,088,920",100,0,0
51,ESMX_Is_Total_Quantity_Discrepancy__c,"12,088,920","12,088,920",100,0,0
52,ESMX_Is_Valid_For_Subcontractor_PO__c,"12,088,920","12,088,920",100,0,0
53,ESMX_isEventType__c,"12,088,920","12,088,920",100,0,0
54,ESMX_isServiceUser__c,"12,088,920","12,088,920",100,0,0
55,ESMX_Labor_Confirmed__c,"12,088,920","12,088,920",100,0,0
56,ESMX_Labor_duration_CFD__c,"12,088,920","12,088,920",100,0,0
57,ESMX_Labor_Duration_CSR__c,"12,088,920","12,088,920",100,0,0
58,ESMX_Last_Event__c,"12,088,920","12,088,920",100,0,0
59,ESMX_Location_Based_PM_Check__c,"12,088,920","12,088,920",100,0,0
60,ESMX_Logged_in_User__c,"12,088,920","12,088,920",100,0,0
61,ESMX_loggedInUserName__c,"12,088,920","12,088,920",100,0,0
62,ESMX_Management_Action_Requested__c,"12,088,920","12,088,920",100,0,0
63,ESMX_Multiple_Hazards__c,"12,088,920","12,088,920",100,0,0
64,ESMX_Multiple_Products_Flag__c,"12,088,920","12,088,920",100,0,0
65,ESMX_No_Re_Planning_Required__c,"12,088,920","12,088,920",100,0,0
66,ESMX_Object_Evidence_File_Uploaded__c,"12,088,920","12,088,920",100,0,0
67,ESMX_Object_Evidence_File_Verified__c,"12,088,920","12,088,920",100,0,0
68,ESMX_One_to_Many_Batch_Processed__c,"12,088,920","12,088,920",100,0,0
69,ESMX_Ordered_Subcontractor_Requests__c,"12,088,920","12,088,920",100,0,0
70,ESMX_Out_Of_Country_Bench__c,"12,088,920","12,088,920",100,0,0
71,ESMX_Overseas__c,"12,088,920","12,088,920",100,0,0
72,ESMX_Parts_Involved__c,"12,088,920","12,088,920",100,0,0
73,ESMX_Patient_Outcome_Required__c,"12,088,920","12,088,920",100,0,0
74,ESMX_Perform_Alternate_Address_Check__c,"12,088,920","12,088,920",100,0,0
75,ESMX_Product_Updatable__c,"12,088,920","12,088,920",100,0,0
76,ESMX_Prontoform_Link_Browser__c,"12,088,920","12,088,920",100,0,0
77,ESMX_Prontoform_Link_iOS__c,"12,088,920","12,088,920",100,0,0
78,ESMX_PRS_Portal_Link__c,"12,088,920","12,088,920",100,0,0
79,ESMX_PSE__c,"12,088,920","12,088,920",100,0,0
80,ESMX_PSE_Validate__c,"12,088,920","12,088,920",100,0,0
81,ESMX_Quote_Admin__c,"12,088,920","12,088,920",100,0,0
82,ESMX_Record_Tools_Check__c,"12,088,920","12,088,920",100,0,0
83,ESMX_Record_Tools_Count_Check__c,"12,088,920","12,088,920",100,0,0
84,ESMX_Reference_Only__c,"12,088,920","12,088,920",100,0,0
85,ESMX_Reference_Product_Upgradable__c,"12,088,920","12,088,920",100,0,0
86,ESMX_Regulatory_Question__c,"12,088,920","12,088,920",100,0,0
87,ESMX_Resend_Subcontractor_Requests__c,"12,088,920","12,088,920",100,0,0
88,ESMX_Resend_to_SAP__c,"12,088,920","12,088,920",100,0,0
89,ESMX_ResendToSAPCount__c,"12,088,920","12,088,920",100,0,0
90,ESMX_Resource_Planner__c,"12,088,920","12,088,920",100,0,0
91,ESMX_RSE_FSE__c,"12,088,920","12,088,920",100,0,0
92,ESMX_Sales_Org_Tag__c,"12,088,920","12,088,920",100,0,0
93,ESMX_Schedule_Long_Job__c,"12,088,920","12,088,920",100,0,0
94,ESMX_Scheduled_Hours__c,"12,088,920","12,088,920",100,0,0
95,ESMX_Scheduledate_Beyond_Duedate__c,"12,088,920","12,088,920",100,0,0
96,ESMX_Self_Dispatch_Data__c,"12,088,920","12,088,920",100,0,0
97,ESMX_Sensitive_Data__c,"12,088,920","12,088,920",100,0,0
98,ESMX_Service_Duration_In_Hours__c,"12,088,920","12,088,920",100,0,0
99,ESMX_Service_Initiated__c,"12,088,920","12,088,920",100,0,0
100,ESMX_Service_Initiated_Flag__c,"12,088,920","12,088,920",100,0,0
101,ESMX_Set_PM_Type__c,"12,088,920","12,088,920",100,0,0
102,ESMX_Signature_Required__c,"12,088,920","12,088,920",100,0,0
103,ESMX_Signed_PM_Exception_Letter_Received__c,"12,088,920","12,088,920",100,0,0
104,ESMX_SkillSet_Match__c,"12,088,920","12,088,920",100,0,0
105,ESMX_Software_Updates_Answered__c,"12,088,920","12,088,920",100,0,0
106,ESMX_Status_applicable_to_all_WD__c,"12,088,920","12,088,920",100,0,0
107,ESMX_Status_Change_Via_SFM__c,"12,088,920","12,088,920",100,0,0
108,ESMX_Subcontractor_WO_Completed_via_SFM__c,"12,088,920","12,088,920",100,0,0
109,ESMX_SWO_Call_for_GATP__c,"12,088,920","12,088,920",100,0,0
110,ESMX_TechnicianProfileCheck__c,"12,088,920","12,088,920",100,0,0
111,ESMX_Test_and_Verification_is_complete__c,"12,088,920","12,088,920",100,0,0
112,ESMX_Test_Verification_not_Required__c,"12,088,920","12,088,920",100,0,0
113,ESMX_Tools_Involved__c,"12,088,920","12,088,920",100,0,0
114,ESMX_Tools_Not_Required__c,"12,088,920","12,088,920",100,0,0
115,ESMX_toolscount__c,"12,088,920","12,088,920",100,0,0
116,ESMX_Total_Actual_Hours__c,"12,088,920","12,088,920",100,0,0
117,ESMX_Total_Labor_Hour__c,"12,088,920","12,088,920",100,0,0
118,ESMX_Total_Labor_Travel_Duration_CSR__c,"12,088,920","12,088,920",100,0,0
119,ESMX_Total_Line_Price__c,"12,088,920","12,088,920",100,0,0
120,ESMX_Travel_Duration_CSR__c,"12,088,920","12,088,920",100,0,0
121,ESMX_Unable_to_Determine__c,"12,088,920","12,088,920",100,0,0
122,ESMX_Unscheduled_Hours__c,"12,088,920","12,088,920",100,0,0
123,ESMX_Valid_Until_Date_for_Quote__c,"12,088,920","12,088,920",100,0,0
124,ESMX_Work_Details_Inserted__c,"12,088,920","12,088,920",100,0,0
125,ESMX_Work_Order_Attachment_Url__c,"12,088,920","12,088,920",100,0,0
126,ESMX_Work_Order_Created_on_Case__c,"12,088,920","12,088,920",100,0,0
127,ESMX_Work_Order_Unsigned_Attachment_Url__c,"12,088,920","12,088,920",100,0,0
128,ESMX_Work_Order_Update_Time__c,"12,088,920","12,088,920",100,0,0
129,Id,"12,088,920","12,088,920",100,0,0
130,IsDeleted,"12,088,920","12,088,920",100,0,0
131,LAST_UPDATED_DATE,"12,088,920","12,088,920",100,0,0
132,LastModifiedById,"12,088,920","12,088,920",100,0,0
133,LastModifiedDate,"12,088,920","12,088,920",100,0,0
134,Name,"12,088,920","12,088,920",100,0,0
135,Open_Subcontractor_Requests__c,"12,088,920","12,088,920",100,0,0
136,OwnerId,"12,088,920","12,088,920",100,0,0
137,PF_Work_Order_Id__c,"12,088,920","12,088,920",100,0,0
138,RecordTypeId,"12,088,920","12,088,920",100,0,0
139,Requested_Subcontractor_Requests__c,"12,088,920","12,088,920",100,0,0
140,Safety_Questions_Submitted__c,"12,088,920","12,088,920",100,0,0
141,Send_Service_Report_to_Customer__c,"12,088,920","12,088,920",100,0,0
142,SVMXC__Age__c,"12,088,920","12,088,920",100,0,0
143,SVMXC__Age_Bucket__c,"12,088,920","12,088,920",100,0,0
144,SVMXC__Apply_Business_Hours_For_OptiMax__c,"12,088,920","12,088,920",100,0,0
145,SVMXC__Clock_Paused_Forever__c,"12,088,920","12,088,920",100,0,0
146,SVMXC__Customer_Down__c,"12,088,920","12,088,920",100,0,0
147,SVMXC__Customer_Down_Status__c,"12,088,920","12,088,920",100,0,0
148,SVMXC__Dispatch_Status__c,"12,088,920","12,088,920",100,0,0
149,SVMXC__Drip__c,"12,088,920","12,088,920",100,0,0
150,SVMXC__EndpointURL__c,"12,088,920","12,088,920",100,0,0
151,SVMXC__Invoice_Created__c,"12,088,920","12,088,920",100,0,0
152,SVMXC__Is_Entitlement_Performed__c,"12,088,920","12,088,920",100,0,0
153,SVMXC__Is_Exported__c,"12,088,920","12,088,920",100,0,0
154,SVMXC__Is_PM_Work_Order__c,"12,088,920","12,088,920",100,0,0
155,SVMXC__Is_Service_Covered__c,"12,088,920","12,088,920",100,0,0
156,SVMXC__Is_SLA_Calculated__c,"12,088,920","12,088,920",100,0,0
157,SVMXC__IsPartner__c,"12,088,920","12,088,920",100,0,0
158,SVMXC__IsPartnerRecord__c,"12,088,920","12,088,920",100,0,0
159,SVMXC__Locked_By_DC__c,"12,088,920","12,088,920",100,0,0
160,SVMXC__Number_Of_Times_Assigned_Bucket__c,"12,088,920","12,088,920",100,0,0
161,SVMXC__Number_Of_Times_Queued_Bucket__c,"12,088,920","12,088,920",100,0,0
162,SVMXC__Number_Of_Times_Scheduled_Bucket__c,"12,088,920","12,088,920",100,0,0
163,SVMXC__OptiMax_Error_Occurred__c,"12,088,920","12,088,920",100,0,0
164,SVMXC__Order_Status__c,"12,088,920","12,088,920",100,0,0
165,SVMXC__Perform_Auto_Entitlement__c,"12,088,920","12,088,920",100,0,0
166,SVMXC__PM_Tasks_Created__c,"12,088,920","12,088,920",100,0,0
167,SVMXC__Schedule_As_A_Dependent_Work_Order__c,"12,088,920","12,088,920",100,0,0
168,SVMXC__SLA_Clock_Paused__c,"12,088,920","12,088,920",100,0,0
169,SVMXC__SM_Crew_Assignment__c,"12,088,920","12,088,920",100,0,0
170,SVMXC__SM_In_Jeopardy__c,"12,088,920","12,088,920",100,0,0
171,SVMXC__SM_Is_Change_Order__c,"12,088,920","12,088,920",100,0,0
172,SVMXC__SM_Multi_resource__c,"12,088,920","12,088,920",100,0,0
173,SVMXC__SM_Ok_To_Arrive_Early__c,"12,088,920","12,088,920",100,0,0
174,SVMXC__SM_Revised_Duration__c,"12,088,920","12,088,920",100,0,0
175,SVMXC__SM_Total_Expense_Cost__c,"12,088,920","12,088,920",100,0,0
176,SVMXC__SM_Total_Labor_Cost__c,"12,088,920","12,088,920",100,0,0
177,SVMXC__SM_Total_Overall_Cost__c,"12,088,920","12,088,920",100,0,0
178,SVMXC__SM_Total_Parts_Cost__c,"12,088,920","12,088,920",100,0,0
179,SVMXC__SM_Total_Travel_Cost__c,"12,088,920","12,088,920",100,0,0
180,SVMXC__SM_Unscheduled_Duration__c,"12,088,920","12,088,920",100,0,0
181,SVMXC__Time_Between_Assign_And_Schedule_Bucket__c,"12,088,920","12,088,920",100,0,0
182,SVMXC__Time_Between_Queue_And_Assign_Bucket__c,"12,088,920","12,088,920",100,0,0
183,SVMXC__Time_Between_Schedule_And_Close_Bucket__c,"12,088,920","12,088,920",100,0,0
184,SVMXC__Time_to_Assign_Bucket__c,"12,088,920","12,088,920",100,0,0
185,SVMXC__Time_to_Queue_Bucket__c,"12,088,920","12,088,920",100,0,0
186,SVMXC__Time_to_Schedule_Bucket__c,"12,088,920","12,088,920",100,0,0
187,SVMXC__Total_Billable_Amount__c,"12,088,920","12,088,920",100,0,0
188,SVMXC__Total_Estimate__c,"12,088,920","12,088,920",100,0,0
189,SVMXC__Total_Work_Order_Cost__c,"12,088,920","12,088,920",100,0,0
190,SVMXC__Turnaround_Time__c,"12,088,920","12,088,920",100,0,0
191,SystemModstamp,"12,088,920","12,088,920",100,0,0
192,ESMX_Follow_Up_Required__c,"12,088,315","12,088,920",100,605,0
193,SVMXC__SM_LJS_Minimum_Schedule_Duration__c,"12,087,952","12,088,920",99.99,968,0.01
194,ESMX_Work_Order_Status__c,"12,087,469","12,088,920",99.99,"1,451",0.01
195,SVMXC__Priority__c,"12,086,623","12,088,920",99.98,"2,297",0.02
196,SVMXC__Company__c,"12,085,293","12,088,920",99.97,"3,627",0.03
197,Account_Value__c,"12,084,326","12,088,920",99.96,"4,594",0.04
198,ESMX_Planned_Labor_Hours__c,"12,078,039","12,088,920",99.91,"10,881",0.09
199,ESMX_Account_Sales_Org__c,"12,075,017","12,088,920",99.89,"13,903",0.11
200,ESMX_Sum_of_Activity_problem__c,"12,066,676","12,088,920",99.82,"22,244",0.18
201,ESMX_Sum_of_Activity_Diagnostic__c,"12,065,588","12,088,920",99.81,"23,332",0.19
202,SVMXC__SM_Estimated_Duration__c,"12,060,269","12,088,920",99.76,"28,651",0.24
203,SVMXC__SM_Variance__c,"12,060,148","12,088,920",99.76,"28,772",0.24
204,SVMXC__SM_Scope_Change__c,"12,058,093","12,088,920",99.75,"30,827",0.25
205,SVMXC__Problem_Description__c,"12,034,761","12,088,920",99.55,"54,159",0.45
206,ESMX_Subject__c,"12,007,682","12,088,920",99.33,"81,238",0.67
207,ESMX_Sum_of_Tools__c,"11,985,317","12,088,920",99.14,"103,603",0.86
208,ESMX_Customer_Language__c,"11,943,369","12,088,920",98.8,"145,551",1.2
209,SVMXC__Service_Duration__c,"11,941,676","12,088,920",98.78,"147,244",1.22
210,SVMXC__Site__c,"11,940,709","12,088,920",98.77,"148,211",1.23
211,ESMX_Sum_of_Regulatory__c,"11,911,454","12,088,920",98.53,"177,466",1.47
212,ESMX_Maintenance_Window__c,"11,904,805","12,088,920",98.48,"184,115",1.52
213,ESMX_CSR_Doc_Counter__c,"11,902,508","12,088,920",98.46,"186,412",1.54
214,SVMXC__Country__c,"11,899,486","12,088,920",98.43,"189,434",1.57
215,SVMXC__SM_Scheduled_Duration__c,"11,855,241","12,088,920",98.07,"233,679",1.93
216,ESMX_RD_Information_Included__c,"11,837,349","12,088,920",97.92,"251,571",2.08
217,ESMX_Products_Modality_Symptom_codes__c,"11,765,904","12,088,920",97.33,"323,016",2.67
218,ESMX_Event_Type_Text__c,"11,654,323","12,088,920",96.41,"434,597",3.59
219,ESMX_Event_Type__c,"11,649,850","12,088,920",96.37,"439,070",3.63
220,ESMX_PA_Integration_Status__c,"11,647,432","12,088,920",96.35,"441,488",3.65
221,SVMXC__Order_Type__c,"11,592,548","12,088,920",95.89,"496,372",4.11
222,ESMX_Custom_Language_Settings__c,"11,523,521","12,088,920",95.32,"565,399",4.68
223,SVMXC__City__c,"11,481,451","12,088,920",94.97,"607,469",5.03
224,SVMXC__Street__c,"11,420,644","12,088,920",94.47,"668,276",5.53
225,ESMX_CFD_Priority__c,"11,387,641","12,088,920",94.2,"701,279",5.8
226,ESMX_CFD_Schedule_Status__c,"11,384,377","12,088,920",94.17,"704,543",5.83
227,ESMX_CFD_Order_Status__c,"11,378,575","12,088,920",94.12,"710,345",5.88
228,SVMXC__Zip__c,"11,316,438","12,088,920",93.61,"772,482",6.39
229,ESMX_CFD_Event_type__c,"11,273,885","12,088,920",93.26,"815,035",6.74
230,ESMX_Required_Skill_Level__c,"11,269,774","12,088,920",93.22,"819,146",6.78
231,ESMX_CFD_Service_Type__c,"11,258,894","12,088,920",93.13,"830,026",6.87
232,SVMXC__SM_Version_Number__c,"11,118,905","12,088,920",91.98,"970,015",8.02
233,SVMXC__SM_Integration_Source__c,"11,092,913","12,088,920",91.76,"996,007",8.24
234,SVMXC__How_Fixed__c,"11,088,561","12,088,920",91.72,"1,000,359",8.28
235,ESMX_SAP_Plant__c,"11,009,983","12,088,920",91.08,"1,078,937",8.92
236,ESMX_CFD_Required_Skill_Level__c,"10,889,820","12,088,920",90.08,"1,199,100",9.92
237,PF_IP_ID_value__c,"10,759,864","12,088,920",89.01,"1,329,056",10.99
238,SVMXC__Product__c,"10,755,149","12,088,920",88.97,"1,333,771",11.03
239,ESMX_Product_Code__c,"10,752,369","12,088,920",88.94,"1,336,551",11.06
240,SVMXC__Billing_Type__c,"10,750,676","12,088,920",88.93,"1,338,244",11.07
241,ESMX_Profit_Center__c,"10,749,346","12,088,920",88.92,"1,339,574",11.08
242,SVMXC__Component__c,"10,748,984","12,088,920",88.92,"1,339,936",11.08
243,ESMX_Product_Modality__c,"10,745,961","12,088,920",88.89,"1,342,959",11.11
244,ESMX_Installed_Product_Number__c,"10,742,456","12,088,920",88.86,"1,346,464",11.14
245,PF_IP_Description_value__c,"10,735,444","12,088,920",88.8,"1,353,476",11.2
246,ESMX_IP_Status__c,"10,735,081","12,088,920",88.8,"1,353,839",11.2
247,ESMX_Event_Subtype__c,"10,730,004","12,088,920",88.76,"1,358,916",11.24
248,ESMX_Product_Group__c,"10,719,970","12,088,920",88.68,"1,368,950",11.32
249,ESMX_ServiceMax_ID__c,"10,570,551","12,088,920",87.44,"1,518,369",12.56
250,SVMXC__State__c,"10,528,240","12,088,920",87.09,"1,560,680",12.91
251,SVMXC__Skill_Set__c,"10,281,868","12,088,920",85.05,"1,807,052",14.95
252,SVMXC__Skill__c,"10,281,022","12,088,920",85.05,"1,807,898",14.95
253,SVMXC__Contact__c,"10,275,582","12,088,920",85,"1,813,338",15
254,SVMXC__Latitude__c,"10,247,173","12,088,920",84.77,"1,841,747",15.23
255,SVMXC__Longitude__c,"10,226,017","12,088,920",84.59,"1,862,903",15.41
256,ESMX_SAP_Operation_Activity__c,"10,127,250","12,088,920",83.77,"1,961,670",16.23
257,ESMX_Preferred_Contact_Method__c,"10,123,261","12,088,920",83.74,"1,965,659",16.26
258,ESMX_SAP_SWO_Number__c,"10,114,557","12,088,920",83.67,"1,974,363",16.33
259,ESMX_SAP_SWO_Number_12Digit__c,"10,113,106","12,088,920",83.66,"1,975,814",16.34
260,ESMX_SWO_Location_Id__c,"10,064,388","12,088,920",83.25,"2,024,532",16.75
261,ESMX_Serial_Number__c,"9,892,846","12,088,920",81.83,"2,196,074",18.17
262,ESMX_Functional_Location_Desc_on_IP__c,"9,851,986","12,088,920",81.5,"2,236,934",18.5
263,ESMX_Functional_Location_on_IP__c,"9,841,468","12,088,920",81.41,"2,247,452",18.59
264,ESMX_Case_Source__c,"9,766,034","12,088,920",80.78,"2,322,886",19.22
265,ESMX_Reference_IP_ServiceMax_ID__c,"9,590,140","12,088,920",79.33,"2,498,780",20.67
266,ESMX_Reference_IP_Product__c,"9,577,084","12,088,920",79.22,"2,511,836",20.78
267,ESMX_Reference_IP_Product_Code__c,"9,574,787","12,088,920",79.2,"2,514,133",20.8
268,ESMX_Reference_Installed_Product__c,"9,553,873","12,088,920",79.03,"2,535,047",20.97
269,ESMX_Global_Product_Group__c,"9,321,040","12,088,920",77.1,"2,767,880",22.9
270,SVMXC__Purpose_of_Visit__c,"8,964,296","12,088,920",74.15,"3,124,624",25.85
271,ESMX_Call_Back_Number__c,"8,962,362","12,088,920",74.14,"3,126,558",25.86
272,ESMX_Business_Unit__c,"8,880,157","12,088,920",73.46,"3,208,763",26.54
273,ESMX_case_number__c,"8,854,771","12,088,920",73.25,"3,234,149",26.75
274,SVMXC__Case__c,"8,819,713","12,088,920",72.96,"3,269,207",27.04
275,ESMX_Calculated_Case_Priority__c,"8,808,349","12,088,920",72.86,"3,280,571",27.14
276,ESMX_Sales_Org__c,"8,802,909","12,088,920",72.82,"3,286,011",27.18
277,ESMX_Reference_IP_Serial_Number__c,"8,705,352","12,088,920",72.01,"3,383,568",27.99
278,ESMX_Context_Description__c,"8,684,559","12,088,920",71.84,"3,404,361",28.16
279,ESMX_Problem_Description__c,"8,674,767","12,088,920",71.76,"3,414,153",28.24
280,ESMX_Patient_Outcome_Description__c,"8,670,536","12,088,920",71.72,"3,418,384",28.28
281,ESMX_Function_Description__c,"8,657,600","12,088,920",71.62,"3,431,320",28.38
282,SVMXC__QTL_Status__c,"8,637,170","12,088,920",71.45,"3,451,750",28.55
283,ESMX_Technician_Id__c,"8,560,647","12,088,920",70.81,"3,528,273",29.19
284,ESMX_Labor_RSM_Planned_Value__c,"8,507,093","12,088,920",70.37,"3,581,827",29.63
285,Email_Service_Report__c,"8,501,895","12,088,920",70.33,"3,587,025",29.67
286,SVMXC__Closed_On__c,"8,380,402","12,088,920",69.32,"3,708,518",30.68
287,ESMX_Customer_Name__c,"8,330,112","12,088,920",68.91,"3,758,808",31.09
288,SVMXC__Time_To_Close_c__c,"8,306,055","12,088,920",68.71,"3,782,865",31.29
289,SVMXC__Closed_By__c,"8,305,329","12,088,920",68.7,"3,783,591",31.3
290,SVMXC__Group_Member__c,"8,191,452","12,088,920",67.76,"3,897,468",32.24
291,ESMX_Technician_Time_Zone__c,"8,174,044","12,088,920",67.62,"3,914,876",32.38
292,ESMX_Technician_Language__c,"8,172,109","12,088,920",67.6,"3,916,811",32.4
293,Technician_Formula__c,"8,150,349","12,088,920",67.42,"3,938,571",32.58
294,SVMXC__Service_Group__c,"8,059,682","12,088,920",66.67,"4,029,238",33.33
295,ESMX_ERO__c,"7,975,906","12,088,920",65.98,"4,113,014",34.02
296,ESMX_Integration_Status__c,"7,781,033","12,088,920",64.36,"4,307,887",35.64
297,ESMX_Decision_Error_Message__c,"7,760,361","12,088,920",64.19,"4,328,559",35.81
298,SVMXC__Preferred_Business_Hours__c,"7,752,866","12,088,920",64.13,"4,336,054",35.87
299,ESMX_Decisions_Integration_Status__c,"7,713,456","12,088,920",63.81,"4,375,464",36.19
300,ESMX_Technician_Name_csr__c,"7,694,476","12,088,920",63.65,"4,394,444",36.35
301,ESMX_Header_Additional_Information__c,"7,692,663","12,088,920",63.63,"4,396,257",36.37
302,ESMX_Who_to_contact_for_more_information__c,"7,691,091","12,088,920",63.62,"4,397,829",36.38
303,ESMX_Engineer_Status__c,"7,674,529","12,088,920",63.48,"4,414,391",36.52
304,ESMX_Header_Customer_reported_the_issue__c,"7,673,562","12,088,920",63.48,"4,415,358",36.52
305,ESMX_Header_Has_action_been_taken__c,"7,660,144","12,088,920",63.37,"4,428,776",36.63
306,ESMX_Header_Current_Device_Status__c,"7,657,847","12,088,920",63.35,"4,431,073",36.65
307,SVMXC__Completed_Date_Time__c,"7,500,691","12,088,920",62.05,"4,588,229",37.95
308,SVMXC__Actual_Initial_Response__c,"7,420,299","12,088,920",61.38,"4,668,621",38.62
309,ESMX_Safety_Question1__c,"7,418,003","12,088,920",61.36,"4,670,917",38.64
310,SVMXC__Actual_Resolution__c,"7,078,304","12,088,920",58.55,"5,010,616",41.45
311,ESMX_PA_Checklist_Status__c,"7,036,355","12,088,920",58.2,"5,052,565",41.8
312,ESMX_Debrief_System_Status_Date_Time__c,"6,973,251","12,088,920",57.68,"5,115,669",42.32
313,ESMX_Technician_Name__c,"6,831,206","12,088,920",56.51,"5,257,714",43.49
314,CSR_Closed_On__c,"6,357,442","12,088,920",52.59,"5,731,478",47.41
315,SVMXC__Service_Contract__c,"6,180,339","12,088,920",51.12,"5,908,581",48.88
316,SVMXC__Acknowledged_By_Technician_Date_Time__c,"6,098,497","12,088,920",50.45,"5,990,423",49.55
317,SVMXC__SLA_Terms__c,"5,886,941","12,088,920",48.7,"6,201,979",51.3
318,Q1_Answer__c,"5,851,399","12,088,920",48.4,"6,237,521",51.6
319,ESMX_Service_Report_For__c,"5,622,556","12,088,920",46.51,"6,466,364",53.49
320,ESMX_Due_Date__c,"5,445,574","12,088,920",45.05,"6,643,346",54.95
321,SVMXC__Scheduled_Date__c,"5,433,365","12,088,920",44.95,"6,655,555",55.05
322,SVMXC__Preferred_Start_Time__c,"5,422,243","12,088,920",44.85,"6,666,677",55.15
323,ESMX_PM_Customer_Preferred_Day_Czech__c,"5,407,615","12,088,920",44.73,"6,681,305",55.27
324,ESMX_PM_Customer_Preferred_Day_Turkish__c,"5,397,702","12,088,920",44.65,"6,691,218",55.35
325,ESMX_PM_Customer_Preferred_Day_Arabic__c,"5,392,504","12,088,920",44.61,"6,696,416",55.39
326,ESMX_PM_Customer_Preferred_Day_Spanish__c,"5,389,240","12,088,920",44.58,"6,699,680",55.42
327,ESMX_PM_Customer_Preferred_Day_Hungarian__c,"5,388,877","12,088,920",44.58,"6,700,043",55.42
328,ESMX_PM_Customer_Preferred_Day_Polish__c,"5,388,394","12,088,920",44.57,"6,700,526",55.43
329,ESMX_Customer_Signature_Captured__c,"5,244,173","12,088,920",43.38,"6,844,747",56.62
330,ESMX_Engineer_Signature_Captured__c,"5,230,996","12,088,920",43.27,"6,857,924",56.73
331,ESMX_PM_Customer_Preferred_Day__c,"5,217,456","12,088,920",43.16,"6,871,464",56.84
332,LastActivityDate,"5,199,081","12,088,920",43.01,"6,889,839",56.99
333,ESMX_Sum_of_SW_Updates__c,"5,151,088","12,088,920",42.61,"6,937,832",57.39
334,ESMX_Debrief_System_Status__c,"5,050,146","12,088,920",41.77,"7,038,774",58.23
335,ESMX_Open_WD_Count__c,"4,979,788","12,088,920",41.19,"7,109,132",58.81
336,ESMX_CFD_Debrief_System_Status__c,"4,914,266","12,088,920",40.65,"7,174,654",59.35
337,SVMXC__TimeToSchedule__c,"4,891,297","12,088,920",40.46,"7,197,623",59.54
338,UDI__c,"4,887,066","12,088,920",40.43,"7,201,854",59.57
339,SVMXC__FirstScheduledDateTime__c,"4,823,720","12,088,920",39.9,"7,265,200",60.1
340,SVMXC__Scheduled_Date_Time__c,"4,813,687","12,088,920",39.82,"7,275,233",60.18
341,ESMX_Clinical_Usage__c,"4,745,263","12,088,920",39.25,"7,343,657",60.75
342,ESMX_FCO_Due_Date__c,"4,744,780","12,088,920",39.25,"7,344,140",60.75
343,ESMX_Risk_Profile__c,"4,697,512","12,088,920",38.86,"7,391,408",61.14
344,ESMX_CSR_Contact_Count__c,"4,612,769","12,088,920",38.16,"7,476,151",61.84
345,ESMX_Case_Trackwise__c,"4,474,955","12,088,920",37.02,"7,613,965",62.98
346,SVMXC__Member_Email__c,"4,394,201","12,088,920",36.35,"7,694,719",63.65
347,SVMXC__Actual_Onsite_Response__c,"4,373,166","12,088,920",36.17,"7,715,754",63.83
348,ESMX_Reference_IP_UDI__c,"4,326,866","12,088,920",35.79,"7,762,054",64.21
349,SVMXC__Actual_Restoration__c,"4,257,475","12,088,920",35.22,"7,831,445",64.78
350,ESMX_Follow_Up_Contact__c,"4,170,556","12,088,920",34.5,"7,918,364",65.5
351,SVMXC__TimeBetweenScheduleAndClose__c,"4,091,615","12,088,920",33.85,"7,997,305",66.15
352,SVMXC__NoOfTimesAssigned__c,"4,041,084","12,088,920",33.43,"8,047,836",66.57
353,SVMXC__NoOfTimesScheduled__c,"3,954,769","12,088,920",32.71,"8,134,151",67.29
354,ESMX_Control_Key__c,"3,839,803","12,088,920",31.76,"8,249,117",68.24
355,ESMX_Software_Release__c,"3,824,329","12,088,920",31.64,"8,264,591",68.36
356,ESMX_Service_Activity__c,"3,744,301","12,088,920",30.97,"8,344,619",69.03
357,ESMX_Last_Modified_SB_User__c,"3,599,838","12,088,920",29.78,"8,489,082",70.22
358,ESMX_TechIdentNo__c,"3,548,098","12,088,920",29.35,"8,540,822",70.65
359,SVMXC__SM_Lock_Appointment_Schedule__c,"3,452,716","12,088,920",28.56,"8,636,204",71.44
360,ESMX_Remote_Service_Start__c,"3,375,468","12,088,920",27.92,"8,713,452",72.08
361,SVMXC__SM_Life_Cycle_Status__c,"3,288,548","12,088,920",27.2,"8,800,372",72.8
362,SVMXC__Initial_Response_Customer_By__c,"3,077,959","12,088,920",25.46,"9,010,961",74.54
363,ESMX_RWS_TriggerId__c,"3,015,581","12,088,920",24.95,"9,073,339",75.06
364,SVMXC__Onsite_Response_Customer_By__c,"2,920,562","12,088,920",24.16,"9,168,358",75.84
365,ESMX_FCO_Release_Date__c,"2,852,501","12,088,920",23.6,"9,236,419",76.4
366,ESMX_Software_Version_Updated__c,"2,806,684","12,088,920",23.22,"9,282,236",76.78
367,ESMX_OldWorkOrderNumber__c,"2,676,849","12,088,920",22.14,"9,412,071",77.86
368,ESMX_Travel_Start__c,"2,576,148","12,088,920",21.31,"9,512,772",78.69
369,ESMX_RSM_Decision_Integration_Status__c,"2,445,346","12,088,920",20.23,"9,643,574",79.77
370,ESMX_Next_Step_Action__c,"2,287,948","12,088,920",18.93,"9,800,972",81.07
371,ESMX_FCO_Results__c,"2,254,462","12,088,920",18.65,"9,834,458",81.35
372,ESMX_PM_Type__c,"2,246,604","12,088,920",18.58,"9,842,316",81.42
373,ESMX_FCO_Device_Status__c,"2,231,735","12,088,920",18.46,"9,857,185",81.54
374,ESMX_Planning_notes__c,"2,171,895","12,088,920",17.97,"9,917,025",82.03
375,SVMXC__Previous_Scheduled_Date_Time__c,"2,121,121","12,088,920",17.55,"9,967,799",82.45
376,ESMX_CDS_Current_Device_Status__c,"2,057,171","12,088,920",17.02,"10,031,749",82.98
377,SVMXC__Failed_Assembly__c,"1,940,876","12,088,920",16.05,"10,148,044",83.94
378,ESMX_Primary_Service_Type__c,"1,937,007","12,088,920",16.02,"10,151,913",83.98
379,ESMX_Follow_Up_Priority__c,"1,869,793","12,088,920",15.47,"10,219,127",84.53
380,ESMX_CFD_Follow_Up_Priority__c,"1,849,846","12,088,920",15.3,"10,239,074",84.7
381,ESMX_Customer_Purchase_Order_Number__c,"1,825,668","12,088,920",15.1,"10,263,252",84.9
382,ESMX_Recommended_Follow_Up_Activities__c,"1,808,985","12,088,920",14.96,"10,279,935",85.04
383,ESMX_Elapsed_Hours_Since_Tentative__c,"1,676,974","12,088,920",13.87,"10,411,946",86.13
384,ESMX_Date_Time_Status_Set_to_Tentative__c,"1,669,238","12,088,920",13.81,"10,419,682",86.19
385,SVMXC__SM_Scheduling_Options__c,"1,658,358","12,088,920",13.72,"10,430,562",86.28
386,SVMXC__PM_Plan__c,"1,610,244","12,088,920",13.32,"10,478,676",86.68
387,ESMX_Contact_Product_Modality__c,"1,599,968","12,088,920",13.23,"10,488,952",86.77
388,ESMX_Work_Activity__c,"1,576,153","12,088,920",13.04,"10,512,767",86.96
389,SVMXC__Related_Work_Order__c,"1,510,752","12,088,920",12.5,"10,578,168",87.5
390,ESMX_Part_Arival_time__c,"1,510,389","12,088,920",12.49,"10,578,531",87.51
391,ESMX_Total_Task_Duration__c,"1,498,421","12,088,920",12.39,"10,590,499",87.61
392,SVMXC__Preferred_End_Time__c,"1,497,938","12,088,920",12.39,"10,590,982",87.61
393,ESMX_Hazardous_Situation__c,"1,486,453","12,088,920",12.3,"10,602,467",87.7
394,ESMX_Hours_Needed_for_Follow_Up__c,"1,484,640","12,088,920",12.28,"10,604,280",87.72
395,ESMX_Skill_of_Service_Engineer_1__c,"1,455,022","12,088,920",12.04,"10,633,898",87.96
396,SVMXC__PM_SC__c,"1,445,230","12,088,920",11.96,"10,643,690",88.05
397,ESMX_Earliest_Proposed_Date__c,"1,439,185","12,088,920",11.9,"10,649,735",88.09
398,ESMX_PM_Sequence__c,"1,438,702","12,088,920",11.9,"10,650,218",88.1
399,ESMX_Latest_Proposed_Date__c,"1,438,460","12,088,920",11.9,"10,650,460",88.1
400,ESMX_PM_Plan_Template__c,"1,419,239","12,088,920",11.74,"10,669,681",88.26
401,ESMX_Hazard__c,"1,401,710","12,088,920",11.6,"10,687,210",88.41
402,ESMX_Hazard_Category__c,"1,360,124","12,088,920",11.25,"10,728,796",88.75
403,ESMX_Preventative_Maintenance_Status__c,"1,261,599","12,088,920",10.44,"10,827,321",89.56
404,ESMX_CFD_Predictive_PM_Status__c,"1,232,223","12,088,920",10.19,"10,856,697",89.81
405,ESMX_FCO_Number__c,"1,204,902","12,088,920",9.97,"10,884,018",90.03
406,SVMXC__TimeBetweenAssignAndSchedule__c,"1,172,020","12,088,920",9.7,"10,916,900",90.31
407,SVMXC__First_Assigned_DateTime__c,"1,169,603","12,088,920",9.68,"10,919,317",90.33
408,ESMX_FCO_Priority_Type__c,"1,163,437","12,088,920",9.62,"10,925,483",90.38
409,SVMXC__Driving_Time__c,"1,161,503","12,088,920",9.61,"10,927,417",90.39
410,ESMX_FCO_Lifecycle_Status_WO__c,"1,159,810","12,088,920",9.59,"10,929,110",90.41
411,SVMXC__TimeToAssign__c,"1,159,690","12,088,920",9.59,"10,929,230",90.41
412,SVMXC__Last_Dispatch_Event__c,"1,159,448","12,088,920",9.59,"10,929,472",90.41
413,ESMX_FCO_Priority__c,"1,126,687","12,088,920",9.32,"10,962,233",90.68
414,ESMX_Room_Dept__c,"1,066,605","12,088,920",8.82,"11,022,315",91.18
415,ESMX_Safety_Question2__c,"1,021,997","12,088,920",8.45,"11,066,923",91.55
416,ESMX_FCO_Header__c,"981,378","12,088,920",8.12,"11,107,542",91.88
417,ESMX_Required_12_NC_Parts__c,"973,883","12,088,920",8.06,"11,115,037",91.94
418,Q2_Answer__c,"956,838","12,088,920",7.92,"11,132,082",92.08
419,ESMX_FCO_Delivery_Method__c,"897,723","12,088,920",7.43,"11,191,197",92.57
420,SVMXC__Warranty__c,"888,898","12,088,920",7.35,"11,200,022",92.65
421,SVMXC__Partner_Account__c,"846,345","12,088,920",7,"11,242,575",93
422,SVMXC__Preferred_Technician__c,"842,476","12,088,920",6.97,"11,246,444",93.03
423,ESMX_Diagnostic_Description__c,"814,914","12,088,920",6.74,"11,274,006",93.26
424,ESMX_Software_Version_Number__c,"784,329","12,088,920",6.49,"11,304,591",93.51
425,ESMX_Service_Provider__c,"728,115","12,088,920",6.02,"11,360,805",93.98
426,ESMX_CFD_FCO_Classification__c,"713,729","12,088,920",5.9,"11,375,191",94.1
427,ESMX_CFD_FCO_Validated_Text__c,"667,550","12,088,920",5.52,"11,421,370",94.48
428,ESMX_Cancellation_Reason__c,"652,197","12,088,920",5.39,"11,436,723",94.61
429,ESMX_CFD_FCO_Delivery_Method__c,"631,887","12,088,920",5.23,"11,457,033",94.77
430,ESMX_Installation_Status__c,"613,633","12,088,920",5.08,"11,475,287",94.92
431,ESMX_CFD_Installation_Validated_Text__c,"609,765","12,088,920",5.04,"11,479,155",94.96
432,ESMX_Installation_Validated_Text__c,"605,534","12,088,920",5.01,"11,483,386",94.99
433,ESMX_Customer_Interaction_Status__c,"598,159","12,088,920",4.95,"11,490,761",95.05
434,ESMX_PM_Validated_Text__c,"575,432","12,088,920",4.76,"11,513,488",95.24
435,ESMX_RD_Feedback_YN__c,"568,662","12,088,920",4.7,"11,520,258",95.3
436,ESMX_CFD_PM_Validated_Text__c,"548,716","12,088,920",4.54,"11,540,204",95.46
437,ESMX_Follow_Up_Date_Time_Requested__c,"530,703","12,088,920",4.39,"11,558,217",95.61
438,SVMXC__Entitlement_Type__c,"461,917","12,088,920",3.82,"11,627,003",96.18
439,ESMX_Cancel_Reason__c,"447,531","12,088,920",3.7,"11,641,389",96.3
440,ESMX_Multiple_Product__c,"430,123","12,088,920",3.56,"11,658,797",96.44
441,ESMX_T_V_Remarks__c,"392,769","12,088,920",3.25,"11,696,151",96.75
442,Recommended_Service_Team__c,"385,394","12,088,920",3.19,"11,703,526",96.81
443,ESMX_IB_Record_Installation_Check__c,"340,303","12,088,920",2.81,"11,748,617",97.19
444,ESMX_Recommended_Service_Engineer__c,"328,335","12,088,920",2.72,"11,760,585",97.28
445,ESMX_Vendor__c,"316,850","12,088,920",2.62,"11,772,070",97.38
446,ESMX_SAP_Currency__c,"315,520","12,088,920",2.61,"11,773,400",97.39
447,ESMX_Hardware_Version__c,"297,750","12,088,920",2.46,"11,791,170",97.54
448,ESMX_Service_Manager__c,"290,738","12,088,920",2.4,"11,798,182",97.59
449,ESMX_Issue_occuring_in__c,"282,155","12,088,920",2.33,"11,806,765",97.67
450,ESMX_Purchase_Order_Number__c,"249,031","12,088,920",2.06,"11,839,889",97.94
451,ESMX_Bench_Status__c,"242,141","12,088,920",2,"11,846,779",98
452,ESMX_Number_of_People__c,"238,756","12,088,920",1.98,"11,850,164",98.03
453,ESMX_FCO_Additional_Information__c,"183,993","12,088,920",1.52,"11,904,927",98.48
454,ESMX_Feedback_for_Engineers__c,"176,740","12,088,920",1.46,"11,912,180",98.54
455,SVMXC__Entitlement_Notes__c,"128,988","12,088,920",1.07,"11,959,932",98.93
456,ESMX_Preferred_Visit_Day__c,"113,756","12,088,920",0.94,"11,975,164",99.06
457,Test_Verification_Description__c,"107,712","12,088,920",0.89,"11,981,208",99.11
458,ESMX_Local_Sales_document_Number__c,"99,008","12,088,920",0.82,"11,989,912",99.18
459,ESMX_S_Service_Activity__c,"97,074","12,088,920",0.8,"11,991,846",99.2
460,ESMX_Third_Party_Provider__c,"83,655","12,088,920",0.69,"12,005,265",99.31
461,ESMX_Required_Tools__c,"83,413","12,088,920",0.69,"12,005,507",99.31
462,ESMX_Bench_Status_Tracker__c,"81,479","12,088,920",0.67,"12,007,441",99.33
463,ESMX_CFD_InternalSupport_Validation_Text__c,"80,512","12,088,920",0.67,"12,008,408",99.33
464,ESMX_RD_Data_Not_Helpful__c,"80,512","12,088,920",0.67,"12,008,408",99.33
465,ESMX_PM_Additional_problems_Identified__c,"78,094","12,088,920",0.65,"12,010,826",99.35
466,ESMX_Internal_Support_Status__c,"75,918","12,088,920",0.63,"12,013,002",99.37
467,ESMX_Internal_Support_Validation_Text__c,"73,742","12,088,920",0.61,"12,015,178",99.39
468,ESMX_Preferred_Start_Time_Contact__c,"69,148","12,088,920",0.57,"12,019,772",99.43
469,SVMXC__Partner_Contact__c,"67,697","12,088,920",0.56,"12,021,223",99.44
470,ESMX_Preferred_End_Time_Contact__c,"65,884","12,088,920",0.55,"12,023,036",99.45
471,ESMX_Change_Reason__c,"63,225","12,088,920",0.52,"12,025,695",99.48
472,SVMXC__Group_Email__c,"61,774","12,088,920",0.51,"12,027,146",99.49
473,ESMX_CFD_Reason_for_non_Completion_FCO__c,"60,807","12,088,920",0.5,"12,028,113",99.5
474,SVMXC__Symptom__c,"58,993","12,088,920",0.49,"12,029,927",99.51
475,SVMXC__Top_Level__c,"56,334","12,088,920",0.47,"12,032,586",99.53
476,ESMX_Q_R_Debrief_Status__c,"55,125","12,088,920",0.46,"12,033,795",99.54
477,SVMXC__NoOfTimesQueued__c,"46,179","12,088,920",0.38,"12,042,741",99.62
478,SVMXC__Qualified_Technicians__c,"45,333","12,088,920",0.38,"12,043,587",99.62
479,ESMX_If_Other_please_specify__c,"41,827","12,088,920",0.35,"12,047,093",99.65
480,ESMX_Notice_Period_of_Communication_Days__c,"38,684","12,088,920",0.32,"12,050,236",99.68
481,ESMX_Device_Not_Corrected__c,"37,475","12,088,920",0.31,"12,051,445",99.69
482,ESMX_Reason_Preventing_Installation__c,"33,969","12,088,920",0.28,"12,054,951",99.72
483,ESMX_CFD_Appropriate_CSIP_Level_Applied__c,"33,486","12,088,920",0.28,"12,055,434",99.72
484,ESMX_Subcontractor_Approval_Status__c,"33,244","12,088,920",0.28,"12,055,676",99.72
485,SVMXC__Sub_Status__c,"32,881","12,088,920",0.27,"12,056,039",99.73
486,ISEE_Case_Premium_Service__c,"32,760","12,088,920",0.27,"12,056,160",99.73
487,ESMX_Appropriate_CSIP_Level_Applied__c,"32,398","12,088,920",0.27,"12,056,522",99.73
488,ESMX_FCO_Not_Applicable__c,"31,672","12,088,920",0.26,"12,057,248",99.74
489,ESMX_ASO_Number__c,"28,650","12,088,920",0.24,"12,060,270",99.76
490,ESMX_CSR_Activity_RQ__c,"27,320","12,088,920",0.23,"12,061,600",99.77
491,ESMX_Footer__c,"26,595","12,088,920",0.22,"12,062,325",99.78
492,ESMX_Postponed_FCO_Implementation__c,"26,353","12,088,920",0.22,"12,062,567",99.78
493,ESMX_Header__c,"23,452","12,088,920",0.19,"12,065,468",99.81
494,ESMX_Multiple_Resource_Task__c,"22,848","12,088,920",0.19,"12,066,072",99.81
495,ESMX_Q_R_Contact__c,"22,606","12,088,920",0.19,"12,066,314",99.81
496,PM_Visit_Description__c,"19,463","12,088,920",0.16,"12,069,457",99.84
497,SVMXC__Optimizer_Connection_Name__c,"18,496","12,088,920",0.15,"12,070,424",99.85
498,ESMX_Potential_Safety_Fields__c,"18,012","12,088,920",0.15,"12,070,908",99.85
499,SVMXC__Time_to_Initial_Response__c,"17,166","12,088,920",0.14,"12,071,754",99.86
500,ESMX_Q_R_Debrief_Sub_Status__c,"15,715","12,088,920",0.13,"12,073,205",99.87
501,SVMXC__SM_SLA_Resolution__c,"15,111","12,088,920",0.12,"12,073,809",99.88
502,SVMXC__Proforma_Invoice_Amount__c,"14,869","12,088,920",0.12,"12,074,051",99.88
503,SVMXC__Rate_Pricing_Rule__c,"14,506","12,088,920",0.12,"12,074,414",99.88
504,ESMX_Action_Taken__c,"13,781","12,088,920",0.11,"12,075,139",99.89
505,SVMXC__Time_to_Onsite_Response__c,"13,781","12,088,920",0.11,"12,075,139",99.89
506,ESMX_Potential_Safety_Issue_Related_To__c,"13,660","12,088,920",0.11,"12,075,260",99.89
507,ESMX_Customer_Reported__c,"13,297","12,088,920",0.11,"12,075,623",99.89
508,SVMXC__SLA_Clock_Pause_Minutes__c,"13,297","12,088,920",0.11,"12,075,623",99.89
509,ESMX_AI_Philips_Legal_Contact__c,"13,056","12,088,920",0.11,"12,075,864",99.89
510,SVMXC__SLA_Clock_Pause_Days__c,"12,935","12,088,920",0.11,"12,075,985",99.89
511,SVMXC__SLA_Clock_Extension_Minutes__c,"12,814","12,088,920",0.11,"12,076,106",99.89
512,SVMXC__SLA_Clock_Pause_Hours__c,"12,814","12,088,920",0.11,"12,076,106",99.89
513,ESMX_Skill_of_Service_Engineer_2__c,"12,330","12,088,920",0.1,"12,076,590",99.9
514,SVMXC__Scheduling_Retry_Count__c,"12,209","12,088,920",0.1,"12,076,711",99.9
515,SVMXC__Preferred_Resource_Priority__c,"11,968","12,088,920",0.1,"12,076,952",99.9
516,ESMX_Work_Detail_Counter__c,"11,847","12,088,920",0.1,"12,077,073",99.9
517,ESMX_Accepted_Quote_Count__c,"11,363","12,088,920",0.09,"12,077,557",99.91
518,ESMX_Technician_Inactive_Date__c,"11,242","12,088,920",0.09,"12,077,678",99.91
519,SVMXC__Time_to_Resolve__c,"11,242","12,088,920",0.09,"12,077,678",99.91
520,SVMXC__Time_to_Restore__c,"11,242","12,088,920",0.09,"12,077,678",99.91
521,SVMXC__Dispatch_Priority__c,"11,121","12,088,920",0.09,"12,077,799",99.91
522,SVMXC__Idle_Time__c,"10,759","12,088,920",0.09,"12,078,161",99.91
523,SVMXC__SM_SLA_Onsite_Response__c,"10,759","12,088,920",0.09,"12,078,161",99.91
524,SVMXC__Travel_Rate__c,"10,396","12,088,920",0.09,"12,078,524",99.91
525,SVMXC__SM_SLA_Initial_Response__c,"10,275","12,088,920",0.09,"12,078,645",99.92
526,SVMXC__SM_SLA_Restoration__c,"9,912","12,088,920",0.08,"12,079,008",99.92
527,SVMXC__Canceled_Date_Time__c,"9,792","12,088,920",0.08,"12,079,128",99.92
528,Next_Action_Due_Date_WO__c,"9,550","12,088,920",0.08,"12,079,370",99.92
529,ESMX_Violation_WO__c,"9,429","12,088,920",0.08,"12,079,491",99.92
530,SVMXC__SLA_Clock_Pause_Reason__c,"9,429","12,088,920",0.08,"12,079,491",99.92
531,SVMXC__SLA_Clock_Pause_Time__c,"8,583","12,088,920",0.07,"12,080,337",99.93
532,PSA_Resource_Request_Ref__c,"7,495","12,088,920",0.06,"12,081,425",99.94
533,ESMX_Problem_and_Impact_on_Device__c,"6,044","12,088,920",0.05,"12,082,876",99.95
534,ESMX_Decisions_Resend_Count__c,"5,319","12,088,920",0.04,"12,083,601",99.96
535,ESMX_Entitlement_Claim_Approval_Notes__c,"5,198","12,088,920",0.04,"12,083,722",99.96
536,SVMXC__Root_Cause__c,"5,198","12,088,920",0.04,"12,083,722",99.96
537,ESMX_Additional_work_required__c,"5,077","12,088,920",0.04,"12,083,843",99.96
538,ESMX_Date_Of_Event__c,"4,956","12,088,920",0.04,"12,083,964",99.96
539,ESMX_CDS_Device_Being_Used_For__c,"4,835","12,088,920",0.04,"12,084,085",99.96
540,SVMXC__SM_Schedule_Violation_Penalty__c,"4,472","12,088,920",0.04,"12,084,448",99.96
541,ESMX_Device_Alarms_Triggered__c,"4,231","12,088,920",0.04,"12,084,689",99.97
542,ESMX_CDS_Part_Available_For_Evaluation__c,"3,626","12,088,920",0.03,"12,085,294",99.97
543,ESMX_OOTB_Failure__c,"3,626","12,088,920",0.03,"12,085,294",99.97
544,ESMX_AI_Other_Info_Available__c,"3,384","12,088,920",0.03,"12,085,536",99.97
545,ESMX_Patient_User_Involved__c,"3,384","12,088,920",0.03,"12,085,536",99.97
546,Next_Action_Start_Date_WO__c,"3,384","12,088,920",0.03,"12,085,536",99.97
547,ESMX_AI_CI_I_Name__c,"3,264","12,088,920",0.03,"12,085,656",99.97
548,ESMX_CFD_Recent_Event_Occurred__c,"3,022","12,088,920",0.03,"12,085,898",99.97
549,ESMX_CDS_Device_Being_Used__c,"2,901","12,088,920",0.02,"12,086,019",99.98
550,ESMX_CFD_Internal_Support_Status__c,"2,780","12,088,920",0.02,"12,086,140",99.98
551,ESMX_AI_CI_II_Title__c,"2,538","12,088,920",0.02,"12,086,382",99.98
552,ESMX_Issue_Occurance__c,"2,538","12,088,920",0.02,"12,086,382",99.98
553,ESMX_Additional_Patient_Information__c,"2,417","12,088,920",0.02,"12,086,503",99.98
554,ESMX_Collaboration_Message__c,"2,417","12,088,920",0.02,"12,086,503",99.98
555,ESMX_Recent_event_occur__c,"2,417","12,088,920",0.02,"12,086,503",99.98
556,ESMX_Date_First_Occ__c,"2,055","12,088,920",0.02,"12,086,865",99.98
557,ESMX_Patient_Gender__c,"2,055","12,088,920",0.02,"12,086,865",99.98
558,ESMX_AT_c_Additional_Observation__c,"1,813","12,088,920",0.01,"12,087,107",99.98
559,ESMX_AT_d_Parts_Replaced_Or_Ordered__c,"1,813","12,088,920",0.01,"12,087,107",99.98
560,ESMX_CDS_Action_Taken__c,"1,813","12,088,920",0.01,"12,087,107",99.98
561,ESMX_AT_a_Action_Taken__c,"1,692","12,088,920",0.01,"12,087,228",99.99
562,ESMX_OOC_SWO_Number__c,"1,692","12,088,920",0.01,"12,087,228",99.99
563,ESMX_Violation__c,"1,692","12,088,920",0.01,"12,087,228",99.99
564,ESMX_AI_CI_III_Phone_number__c,"1,571","12,088,920",0.01,"12,087,349",99.99
565,ESMX_AI_Provide_Info_Sources__c,"1,571","12,088,920",0.01,"12,087,349",99.99
566,ESMX_Best_Estimate__c,"1,571","12,088,920",0.01,"12,087,349",99.99
567,ESMX_Type_of_Serious_Injury__c,"1,571","12,088,920",0.01,"12,087,349",99.99
568,ESMX_System_event_report__c,"1,450","12,088,920",0.01,"12,087,470",99.99
569,ESMX_Collaborator_Group__c,"1,208","12,088,920",0.01,"12,087,712",99.99
570,ESMX_CR_Reported_To__c,"1,208","12,088,920",0.01,"12,087,712",99.99
571,ESMX_Patient_Age_Units__c,"1,208","12,088,920",0.01,"12,087,712",99.99
572,ESMX_AT_b_Test_Performed_And_Result__c,"1,088","12,088,920",0.01,"12,087,832",99.99
573,ESMX_Collaborator__c,"1,088","12,088,920",0.01,"12,087,832",99.99
574,ESMX_FCO_Status__c,"1,088","12,088,920",0.01,"12,087,832",99.99
575,ESMX_Patient_Age__c,"1,088","12,088,920",0.01,"12,087,832",99.99
576,ESMX_AI_Risk_Manager_Contact__c,967,"12,088,920",0.01,"12,087,953",99.99
577,SVMXC__Customer_Failure_Feedback__c,846,"12,088,920",0.01,"12,088,074",99.99
578,ESMX_AT_e_Parts_Returning_For_Evaluation__c,725,"12,088,920",0.01,"12,088,195",99.99
579,ESMX_Date_of_Death__c,725,"12,088,920",0.01,"12,088,195",99.99
580,ESMX_Patient_Height__c,725,"12,088,920",0.01,"12,088,195",99.99
581,ESMX_Patient_Height_Unit__c,604,"12,088,920",0.01,"12,088,316",100
582,ESMX_Recommended_Preparation_Activities__c,604,"12,088,920",0.01,"12,088,316",100
583,SVMXC__Auto_Entitlement_Status__c,604,"12,088,920",0.01,"12,088,316",100
584,SVMXC__SLA_Clock_Pause_Restart_Time__c,604,"12,088,920",0.01,"12,088,316",100
585,ESMX_Multiple_Hazards_Data__c,483,"12,088,920",0,"12,088,437",100
586,ESMX_Patient_Weight_Units__c,483,"12,088,920",0,"12,088,437",100
587,SVMXC__Special_Instructions__c,362,"12,088,920",0,"12,088,558",100
588,ESMX_Engineers_Needed_for_Follow_Up__c,241,"12,088,920",0,"12,088,679",100
589,ESMX_Patient_Weight__c,241,"12,088,920",0,"12,088,679",100
590,SVMXC__BatchUpdate__c,241,"12,088,920",0,"12,088,679",100
591,SVMXC__Initial_Response_Internal_By__c,120,"12,088,920",0,"12,088,800",100
592,SVMXC__OptiMax_Status__c,120,"12,088,920",0,"12,088,800",100
593,SVMXC__Resolution_Customer_By__c,120,"12,088,920",0,"12,088,800",100
594,SVMXC__Service_Zone_ID__c,120,"12,088,920",0,"12,088,800",100
595,ConnectionReceivedId,0,"12,088,920",0,"12,088,920",100
596,ConnectionSentId,0,"12,088,920",0,"12,088,920",100
597,Contract__c,0,"12,088,920",0,"12,088,920",100
598,ESMX_Cancellation_Reason_del__c,0,"12,088,920",0,"12,088,920",100
599,ESMX_CFD_FCO_Status__c,0,"12,088,920",0,"12,088,920",100
600,ESMX_CFD_Required_Qualifications__c,0,"12,088,920",0,"12,088,920",100
601,ESMX_End_Latest_event_created__c,0,"12,088,920",0,"12,088,920",100
602,ESMX_FCO_Reference_Number__c,0,"12,088,920",0,"12,088,920",100
603,ESMX_Initial_Response_temp__c,0,"12,088,920",0,"12,088,920",100
604,ESMX_Log_Error__c,0,"12,088,920",0,"12,088,920",100
605,ESMX_Onsite_Response_temp__c,0,"12,088,920",0,"12,088,920",100
606,ESMX_Parts_Shipment_Indicator__c,0,"12,088,920",0,"12,088,920",100
607,ESMX_Reason_for_Non_Completion_FCO__c,0,"12,088,920",0,"12,088,920",100
608,ESMX_Reported_by_Customer_M2M__c,0,"12,088,920",0,"12,088,920",100
609,ESMX_Required_Qualifications__c,0,"12,088,920",0,"12,088,920",100
610,ESMX_Risk_Sharing_Model__c,0,"12,088,920",0,"12,088,920",100
611,ESMX_Service_ProviderWO_Update_datetime2__c,0,"12,088,920",0,"12,088,920",100
612,ESMX_Service_Type__c,0,"12,088,920",0,"12,088,920",100
613,ESMX_Violation_c__c,0,"12,088,920",0,"12,088,920",100
614,Labor_End_Date_Time__c,0,"12,088,920",0,"12,088,920",100
615,Labor_Start_Date_Time__c,0,"12,088,920",0,"12,088,920",100
616,LastReferencedDate,0,"12,088,920",0,"12,088,920",100
617,LastViewedDate,0,"12,088,920",0,"12,088,920",100
618,PF_Checklist_Result__c,0,"12,088,920",0,"12,088,920",100
619,Rec,0,"12,088,920",0,"12,088,920",100
620,SVMXC__Appointment_Promised_Time_Slot__c,0,"12,088,920",0,"12,088,920",100
621,SVMXC__Booked_Appointment_Slot__c,0,"12,088,920",0,"12,088,920",100
622,SVMXC__Configuration_After__c,0,"12,088,920",0,"12,088,920",100
623,SVMXC__Configuration_Before__c,0,"12,088,920",0,"12,088,920",100
624,SVMXC__Corrective_Action__c,0,"12,088,920",0,"12,088,920",100
625,SVMXC__Dependency_Group__c,0,"12,088,920",0,"12,088,920",100
626,SVMXC__Dispatch_Now__c,0,"12,088,920",0,"12,088,920",100
627,SVMXC__Dispatch_Process__c,0,"12,088,920",0,"12,088,920",100
628,SVMXC__Dispatch_Response__c,0,"12,088,920",0,"12,088,920",100
629,SVMXC__Failure_Location__c,0,"12,088,920",0,"12,088,920",100
630,SVMXC__Finished_Onsite_Date_Time__c,0,"12,088,920",0,"12,088,920",100
631,SVMXC__First_Queued_DateTime__c,0,"12,088,920",0,"12,088,920",100
632,SVMXC__Invoice_Number__c,0,"12,088,920",0,"12,088,920",100
633,SVMXC__Master_Order_Line__c,0,"12,088,920",0,"12,088,920",100
634,SVMXC__Onsite_Response_Internal_By__c,0,"12,088,920",0,"12,088,920",100
635,SVMXC__OptiMax_Error_Email1__c,0,"12,088,920",0,"12,088,920",100
636,SVMXC__OptiMax_Error_Email2__c,0,"12,088,920",0,"12,088,920",100
637,SVMXC__OptiMax_Error_Text__c,0,"12,088,920",0,"12,088,920",100
638,SVMXC__OptiMax_Last_Run_Time__c,0,"12,088,920",0,"12,088,920",100
639,SVMXC__Primary_Territory__c,0,"12,088,920",0,"12,088,920",100
640,SVMXC__Proforma_Invoice__c,0,"12,088,920",0,"12,088,920",100
641,SVMXC__Rate_Type_Pricing_Rule__c,0,"12,088,920",0,"12,088,920",100
642,SVMXC__Resolution_Internal_By__c,0,"12,088,920",0,"12,088,920",100
643,SVMXC__Restoration_Customer_By__c,0,"12,088,920",0,"12,088,920",100
644,SVMXC__Restoration_Internal_By__c,0,"12,088,920",0,"12,088,920",100
645,SVMXC__Scheduling_Change_Token__c,0,"12,088,920",0,"12,088,920",100
646,SVMXC__SESSION_ID__c,0,"12,088,920",0,"12,088,920",100
647,SVMXC__SM_Appointment_Type__c,0,"12,088,920",0,"12,088,920",100
648,SVMXC__SM_Capacity_Rule_Name__c,0,"12,088,920",0,"12,088,920",100
649,SVMXC__SM_Crew_Id__c,0,"12,088,920",0,"12,088,920",100
650,SVMXC__SM_Crew_Name__c,0,"12,088,920",0,"12,088,920",100
651,SVMXC__SM_Optimizer_Message_Creation_Date_Time__c,0,"12,088,920",0,"12,088,920",100
652,SVMXC__SM_PM_Activity__c,0,"12,088,920",0,"12,088,920",100
653,SVMXC__SM_Service_Request__c,0,"12,088,920",0,"12,088,920",100
654,SVMXC__Started_Driving_To_Location_Date_Time__c,0,"12,088,920",0,"12,088,920",100
655,SVMXC__TimeBetweenQueueAndAssign__c,0,"12,088,920",0,"12,088,920",100
656,SVMXC__TimeToQueue__c,0,"12,088,920",0,"12,088,920",100
657,SVMXC__Travel_Unit__c,0,"12,088,920",0,"12,088,920",100
658,SVMXC__Violation_Message__c,0,"12,088,920",0,"12,088,920",100
659,SVMXC__Violation_Status2__c,0,"12,088,920",0,"12,088,920",100
660,SVMXC__Work_Order_Scheduling_Status__c,0,"12,088,920",0,"12,088,920",100
661,SVMXC__Work_Performed__c,0,"12,088,920",0,"12,088,920",100