"table_name","id"
imax_account,"001E000000dfHfqIAE"
imax_activity,a1x4W00000EBa5uQAD
imax_case,"5000L00000rbY1MQAU"
imax_case_line,a2J0L000000KZZ4UAO
imax_contact,"0030L000022EvavQAC"
imax_contract_header,a4D0L0000001tVJUAY
imax_installed_product_c,a2W4W00000EMfoKUAT
imax_managed_equipment_history,"0170L0000doipbhQAA"
imax_product2,"01tE0000003hXUAIA2"
imax_recordtype,"012E0000000kEMJIA2"
imax_service_contract,a3T0L0000000IsJUAU
imax_service_group_members,a3V4W0000008JMZUA2
imax_service_group_skills,a3Y0L000007kyo6UAA
imax_service_order_c,a3d4W00000ZVJH3QAP
imax_service_order_line,a3c4W00000BG9dvQAD
imax_user,"0050L000009xmCZQAY"
ipsa_account,"001d000001N5OEvAAN"
ipsa_assignment__c,a2gd0000000DNNwAAO
ipsa_contact,"0030W00003JcBFoQAN"
ipsa_contacthistory,"0176T000161rdlqQAA"
ipsa_cpm_key_date_audit_trail_history,"0176T0001G6wjLqQQI"
ipsa_group,"00G6T000004pndiUAA"
ipsa_missing_timecard__c,a3E6T000002hKZ4UAM
ipsa_opportunity,"0060W00000vappjQAA"
ipsa_opportunity_history,"0080W00001VfBCcQAN"
ipsa_practice_c,a3Kd0000000RaOlEAK
ipsa_profile,"00e0W000002NixdQAC"
ipsa_proj_c,a3L6T000000yzl0UAA
ipsa_project_change__c,aAC6T000001Lzk3WAC
ipsa_project_change_history,"0176T00011oVA59QAG"
ipsa_project_contacts__c,a9C6T000001Qf2pUAC
ipsa_project_order_link__c,aLX6T000000TVu1WAG
ipsa_project_order_link_history,"0176T0000yvxIDgQAM"
ipsa_project_task,a3V6T000001KpqeUAC
ipsa_pse__task_time__c,a3q0W000000ux8cQAA
ipsa_pse_milestone_c,a3C0W00000beRwwUAE
ipsa_pse_missing_timecard_history,"0176T00018zs7L9QAI"
ipsa_pse_region_c,a3Y0W000002FJDXUA4
ipsa_recordtype,"012d0000000h77jAAA"
ipsa_region,a0o6T00000JMOf6QAH
ipsa_resource_request_c,a3f6T000005BEZSQA4
ipsa_sales_order_line_item,a1E0W000008aNOrUAM
ipsa_timecard_c,a3y6T0000048TGIQA2
ipsa_timecard_header_c,a3x6T000002CZMdQAO
ipsa_timecard_header_share,"02c6T0000keRXTNQA4"
ipsa_timecard_history,"0176T0001F9QQ8GQQW"
ipsa_user,"0056T000007dw29QAA"
ipsa_userrole,"00Ed0000001A4axEAC"
ipsa_work_calendar_c,a48d0000000PDrtAAG
nar_hpm_psa_projects,a3L6T000000yzl0UAA
v_products__aa,"01tE0000003hXUAIA2"
vproject_milestone_dates,a3L6T000000yzl0UAA
vpsa_nar_ol,aLX6T000000TVu1WAG
vsmax_nar_cl_install,a2J4W00000712rBUAQ
xplenty_staging_365363,"006d000000lebVjAAI"
